{"ignoreUploadFiles":["projects.json","projects_cache_vscode.json","projects_cache_git.json","projects_cache_svn.json","gpm_projects.json","gpm-recentItems.json"],"ignoreUploadFolders":["workspaceStorage"],"ignoreExtensions":[],"replaceCodeSettings":{},"gistDescription":"Visual Studio Code Settings Sync Gist","version":324,"token":"7aeca6c0dfb27c29dd9b372ea0c7df3b21ffe9ac","downloadPublicGist":false,"supportedFileExtensions":["json","code-snippets"],"openTokenLink":true,"disableUpdateMessage":false,"lastUpload":"2018-10-20T01:54:10.356Z","lastDownload":null,"githubEnterpriseUrl":null,"askGistName":false,"customFiles":{},"hostName":null,"useCliBaseInstallation":true}