[
  {
    "metadata": {
      "id": "de611071-4d05-4903-821c-6878df63d4af",
      "publisherId": "austin.code-gnu-global",
      "publisherDisplayName": "austin"
    },
    "name": "code-gnu-global",
    "publisher": "austin",
    "version": "0.2.2"
  },
  {
    "metadata": {
      "id": "e337c67b-55c2-4fef-8949-eb260e7fb7fd",
      "publisherId": "Shan.code-settings-sync",
      "publisherDisplayName": "Shan"
    },
    "name": "code-settings-sync",
    "publisher": "Shan",
    "version": "3.1.0"
  },
  {
    "metadata": {
      "id": "4de763bd-505d-4978-9575-2b7696ecf94e",
      "publisherId": "eamodio.gitlens",
      "publisherDisplayName": "eamodio"
    },
    "name": "gitlens",
    "publisher": "eamodio",
    "version": "8.5.6"
  },
  {
    "metadata": {
      "id": "d96e79c6-8b25-4be3-8545-0e0ecefcae03",
      "publisherId": "vscodevim.vim",
      "publisherDisplayName": "vscodevim"
    },
    "name": "vim",
    "publisher": "vscodevim",
    "version": "0.16.1"
  },
  {
    "metadata": {
      "id": "ddfd0191-e75d-4ac2-870d-81db351b747f",
      "publisherId": "siegebell.vscoq",
      "publisherDisplayName": "siegebell"
    },
    "name": "vscoq",
    "publisher": "siegebell",
    "version": "0.2.7"
  }
]